股票代码大全,,
深证A股
序号,代码,名称
1,000001,深发展Ａ
2,000002,万 科Ａ
3,000004,国农科技
4,000005,世纪星源
5,000006,深振业Ａ
6,000007,零七股份
7,000008,ST宝利来
8,000009,中国宝安
9,000010,S ST华新
10,000011,深物业A
11,000012,南 玻Ａ
12,000014,沙河股份
13,000016,深康佳Ａ
14,000017,*ST中华A
15,000018,ST中冠A
16,000019,深深宝Ａ
17,000020,深华发Ａ
18,000021,长城开发
19,000022,深赤湾Ａ
20,000023,深天地Ａ
21,000024,招商地产
22,000025,特 力Ａ
23,000026,飞亚达Ａ
24,000027,深圳能源
25,000028,国药一致
26,000029,深深房Ａ
27,000030,*ST盛润A
28,000031,中粮地产
29,000032,深桑达Ａ
30,000033,新都酒店
31,000034,深信泰丰
32,000035,*ST科健
33,000036,华联控股
34,000037,深南电Ａ
35,000039,中集集团
36,000040,宝安地产
37,000042,深 长 城
38,000043,中航地产
39,000045,深纺织Ａ
40,000046,泛海建设
41,000048,ST康达尔
42,000049,德赛电池
43,000050,深天马Ａ
44,000055,方大集团
45,000056,*ST国商
46,000058,深 赛 格
47,000059,辽通化工
48,000060,中金岭南
49,000061,农 产 品
50,000062,深圳华强
51,000063,中兴通讯
52,000065,北方国际
53,000066,长城电脑
54,000068,ST三星
55,000069,华侨城Ａ
56,000070,特发信息
57,000078,海王生物
58,000088,盐 田 港
59,000089,深圳机场
60,000090,深 天 健
61,000096,广聚能源
62,000099,中信海直
63,000100,TCL 集团
64,000150,宜华地产
65,000151,中成股份
66,000153,丰原药业
67,000155,*ST川化
68,000157,中联重科
69,000158,常山股份
70,000159,国际实业
71,000301,东方市场
72,000338,潍柴动力
73,000400,许继电气
74,000401,冀东水泥
75,000402,金 融 街
76,000404,华意压缩
77,000407,胜利股份
78,000408,ST金谷源
79,000409,*ST泰复
80,000410,沈阳机床
81,000411,英特集团
82,000413,宝 石Ａ
83,000415,渤海租赁
84,000416,民生投资
85,000417,合肥百货
86,000418,小天鹅Ａ
87,000419,通程控股
88,000420,*ST吉纤
89,000421,南京中北
90,000422,湖北宜化
91,000423,东阿阿胶
92,000425,徐工机械
93,000426,兴业矿业
94,000428,华天酒店
95,000429,粤高速Ａ
96,000430,张家界
97,000488,晨鸣纸业
98,000501,鄂武商Ａ
99,000502,绿景控股
100,000503,海虹控股
101,000504,ST传媒
102,000505,ST珠江
103,000506,中润资源
104,000507,珠海港
105,000509,SST华塑
106,000510,金路集团
107,000511,银基发展
108,000513,丽珠集团
109,000514,渝 开 发
110,000516,开元投资
111,000517,荣安地产
112,000518,四环生物
113,000519,江南红箭
114,000520,长航凤凰
115,000521,美菱电器
116,000522,白云山Ａ
117,000523,广州浪奇
118,000524,东方宾馆
119,000525,红 太 阳
120,000526,银润投资
121,000527,美的电器
122,000528,柳 工
123,000529,广弘控股
124,000530,大冷股份
125,000531,穗恒运Ａ
126,000532,力合股份
127,000533,万 家 乐
128,000534,万泽股份
129,000536,华映科技
130,000537,广宇发展
131,000538,云南白药
132,000539,粤电力Ａ
133,000540,中天城投
134,000541,佛山照明
135,000543,皖能电力
136,000544,中原环保
137,000546,光华控股
138,000547,闽福发Ａ
139,000548,湖南投资
140,000550,江铃汽车
141,000551,创元科技
142,000552,靖远煤电
143,000553,沙隆达Ａ
144,000554,泰山石油
145,000555,ST 太 光
146,000557,*ST广夏
147,000558,莱茵置业
148,000559,万向钱潮
149,000560,昆百大Ａ
150,000561,烽火电子
151,000562,宏源证券
152,000563,陕国投Ａ
153,000564,西安民生
154,000565,渝三峡Ａ
155,000566,海南海药
156,000567,海德股份
157,000568,泸州老窖
158,000570,苏常柴Ａ
159,000571,新大洲Ａ
160,000572,海马汽车
161,000573,粤宏远Ａ
162,000576,*ST甘化
163,000581,威孚高科
164,000582,北 海 港
165,000584,友利控股
166,000585,*ST东电
167,000586,汇源通信
168,000587,ST金叶
169,000589,黔轮胎Ａ
170,000590,紫光古汉
171,000591,桐 君 阁
172,000592,中福实业
173,000593,大通燃气
174,000594,国恒铁路
175,000595,*ST西轴
176,000596,古井贡酒
177,000597,东北制药
178,000598,兴蓉投资
179,000599,青岛双星
180,000600,建投能源
181,000601,韶能股份
182,000602,金马集团
183,000603,盛达矿业
184,000605,*ST四环
185,000606,青海明胶
186,000607,*ST华控
187,000608,阳光股份
188,000609,绵世股份
189,000610,西安旅游
190,000611,时代科技
191,000612,焦作万方
192,000613,ST东海Ａ
193,000615,湖北金环
194,000616,亿城股份
195,000617,石油济柴
196,000619,海螺型材
197,000620,新华联
198,000623,吉林敖东
199,000625,长安汽车
200,000626,如意集团
201,000627,天茂集团
202,000628,高新发展
203,000629,攀钢钒钛
204,000630,铜陵有色
205,000631,顺发恒业
206,000632,三木集团
207,000633,ST合金
208,000635,英 力 特
209,000636,风华高科
210,000637,茂化实华
211,000638,万方地产
212,000639,西王食品
213,000650,仁和药业
214,000651,格力电器
215,000652,泰达股份
216,000655,金岭矿业
217,000656,金科股份
218,000659,珠海中富
219,000661,长春高新
220,000662,*ST索芙
221,000663,永安林业
222,000665,武汉塑料
223,000666,经纬纺机
224,000667,名流置业
225,000668,荣丰控股
226,000669,*ST领先
227,000671,阳 光 城
228,000673,ST当代
229,000676,ST思达
230,000677,*ST海龙
231,000678,襄阳轴承
232,000679,大连友谊
233,000680,山推股份
234,000682,东方电子
235,000683,远兴能源
236,000685,中山公用
237,000686,东北证券
238,000687,保定天鹅
239,000690,宝新能源
240,000691,*ST亚太
241,000692,惠天热电
242,000695,滨海能源
243,000697,*ST炼石
244,000698,沈阳化工
245,000700,模塑科技
246,000701,厦门信达
247,000702,正虹科技
248,000703,恒逸石化
249,000705,浙江震元
250,000707,双环科技
251,000708,大冶特钢
252,000709,河北钢铁
253,000710,天兴仪表
254,000711,天伦置业
255,000712,锦龙股份
256,000713,丰乐种业
257,000715,中兴商业
258,000716,南方食品
259,000717,韶钢松山
260,000718,苏宁环球
261,000719,大地传媒
262,000720,*ST能山
263,000721,西安饮食
264,000723,美锦能源
265,000725,京东方Ａ
266,000726,鲁 泰Ａ
267,000727,华东科技
268,000728,国元证券
269,000729,燕京啤酒
270,000731,四川美丰
271,000732,泰禾集团
272,000733,振华科技
273,000735,罗 牛 山
274,000736,重庆实业
275,000737,*ST南风
276,000738,中航动控
277,000739,普洛股份
278,000748,长城信息
279,000750,国海证券
280,000751,*ST锌业
281,000752,西藏发展
282,000753,漳州发展
283,000755,山西三维
284,000756,新华制药
285,000758,中色股份
286,000759,中百集团
287,000760,博盈投资
288,000761,本钢板材
289,000762,西藏矿业
290,000766,通化金马
291,000767,*ST漳电
292,000768,西飞国际
293,000776,广发证券
294,000777,中核科技
295,000778,新兴铸管
296,000779,三毛派神
297,000780,平庄能源
298,000782,美达股份
299,000783,长江证券
300,000785,武汉中商
301,000786,北新建材
302,000788,西南合成
303,000789,江西水泥
304,000790,华神集团
305,000791,西北化工
306,000792,盐湖股份
307,000793,华闻传媒
308,000795,太原刚玉
309,000796,易食股份
310,000797,中国武夷
311,000798,中水渔业
312,000799,酒 鬼 酒
313,000800,一汽轿车
314,000801,四川九洲
315,000802,北京旅游
316,000803,金宇车城
317,000806,*ST银河
318,000807,云铝股份
319,000809,铁岭新城
320,000810,华润锦华
321,000811,烟台冰轮
322,000812,陕西金叶
323,000813,天山纺织
324,000815,*ST美利
325,000816,江淮动力
326,000818,方大化工
327,000819,岳阳兴长
328,000821,京山轻机
329,000822,山东海化
330,000823,超声电子
331,000825,太钢不锈
332,000826,桑德环境
333,000828,东莞控股
334,000829,天音控股
335,000830,鲁西化工
336,000833,贵糖股份
337,000835,四川圣达
338,000836,鑫茂科技
339,000837,秦川发展
340,000838,*ST国兴
341,000839,中信国安
342,000848,承德露露
343,000850,华茂股份
344,000851,高鸿股份
345,000852,江钻股份
346,000856,ST唐陶
347,000858,五 粮 液
348,000859,国风塑业
349,000860,顺鑫农业
350,000861,海印股份
351,000862,银星能源
352,000868,安凯客车
353,000869,张 裕Ａ
354,000875,吉电股份
355,000876,新 希 望
356,000877,天山股份
357,000878,云南铜业
358,000880,潍柴重机
359,000881,大连国际
360,000882,华联股份
361,000883,湖北能源
362,000885,同力水泥
363,000886,海南高速
364,000887,中鼎股份
365,000888,峨眉山Ａ
366,000889,渤海物流
367,000890,法 尔 胜
368,000892,*ST星美
369,000893,东凌粮油
370,000895,双汇发展
371,000897,津滨发展
372,000898,鞍钢股份
373,000899,*ST赣能
374,000900,现代投资
375,000901,航天科技
376,000902,中国服装
377,000903,云内动力
378,000905,厦门港务
379,000906,南方建材
380,000908,ST天一
381,000909,数源科技
382,000910,大亚科技
383,000911,南宁糖业
384,000912,泸 天 化
385,000913,钱江摩托
386,000915,山大华特
387,000916,华北高速
388,000917,电广传媒
389,000918,嘉凯城
390,000919,金陵药业
391,000920,南方汇通
392,000921,ST 科 龙
393,000922,ST阿继
394,000923,河北宣工
395,000925,众合机电
396,000926,福星股份
397,000927,一汽夏利
398,000928,中钢吉炭
399,000929,兰州黄河
400,000930,中粮生化
401,000931,中 关 村
402,000932,华菱钢铁
403,000933,神火股份
404,000935,四川双马
405,000936,华西股份
406,000937,冀中能源
407,000938,紫光股份
408,000939,凯迪电力
409,000948,南天信息
410,000949,新乡化纤
411,000950,建峰化工
412,000951,中国重汽
413,000952,广济药业
414,000953,ST河化
415,000955,ST欣龙
416,000957,中通客车
417,000958,ST东热
418,000959,首钢股份
419,000960,锡业股份
420,000961,中南建设
421,000962,东方钽业
422,000963,华东医药
423,000965,天保基建
424,000966,长源电力
425,000967,上风高科
426,000968,煤 气 化
427,000969,安泰科技
428,000970,中科三环
429,000971,ST迈亚
430,000972,*ST中基
431,000973,佛塑科技
432,000975,科 学 城
433,000976,春晖股份
434,000977,浪潮信息
435,000978,桂林旅游
436,000979,中弘股份
437,000980,金马股份
438,000981,银亿股份
439,000982,中银绒业
440,000983,西山煤电
441,000985,大庆华科
442,000987,广州友谊
443,000988,华工科技
444,000989,九 芝 堂
445,000990,诚志股份
446,000993,闽东电力
447,000995,ST皇台
448,000996,中国中期
449,000997,新 大 陆
450,000998,隆平高科
451,000999,华润三九
452,001696,宗申动力
453,001896,豫能控股
454,002001,新 和 成
455,002002,ST金材
456,002003,伟星股份
457,002004,华邦制药
458,002005,德豪润达
459,002006,精功科技
460,002007,华兰生物
461,002008,大族激光
462,002009,天奇股份
463,002010,传化股份
464,002011,盾安环境
465,002012,凯恩股份
466,002013,中航精机
467,002014,永新股份
468,002015,霞客环保
469,002016,世荣兆业
470,002017,东信和平
471,002018,华星化工
472,002019,*ST鑫富
473,002020,京新药业
474,002021,中捷股份
475,002022,科华生物
476,002023,海特高新
477,002024,苏宁电器
478,002025,航天电器
479,002026,山东威达
480,002027,七喜控股
481,002028,思源电气
482,002029,七 匹 狼
483,002030,达安基因
484,002031,巨轮股份
485,002032,苏 泊 尔
486,002033,丽江旅游
487,002034,美 欣 达
488,002035,华帝股份
489,002036,宜科科技
490,002037,久联发展
491,002038,双鹭药业
492,002039,黔源电力
493,002040,南 京 港
494,002041,登海种业
495,002042,华孚色纺
496,002043,兔 宝 宝
497,002044,江苏三友
498,002045,广州国光
499,002046,轴研科技
500,002047,成霖股份
501,002048,宁波华翔
502,002049,晶源电子
503,002050,三花股份
504,002051,中工国际
505,002052,同洲电子
506,002053,云南盐化
507,002054,德美化工
508,002055,得润电子
509,002056,横店东磁
510,002057,中钢天源
511,002058,威 尔 泰
512,002059,云南旅游
513,002060,粤 水 电
514,002061,江山化工
515,002062,宏润建设
516,002063,远光软件
517,002064,华峰氨纶
518,002065,东华软件
519,002066,瑞泰科技
520,002067,景兴纸业
521,002068,黑猫股份
522,002069,獐 子 岛
523,002070,众和股份
524,002071,江苏宏宝
525,002072,ST德棉
526,002073,软控股份
527,002074,东源电器
528,002075,沙钢股份
529,002076,雪 莱 特
530,002077,大港股份
531,002078,太阳纸业
532,002079,苏州固锝
533,002080,中材科技
534,002081,金 螳 螂
535,002082,栋梁新材
536,002083,孚日股份
537,002084,海鸥卫浴
538,002085,万丰奥威
539,002086,东方海洋
540,002087,新野纺织
541,002088,鲁阳股份
542,002089,新 海 宜
543,002090,金智科技
544,002091,江苏国泰
545,002092,中泰化学
546,002093,国脉科技
547,002094,青岛金王
548,002095,生 意 宝
549,002096,南岭民爆
550,002097,山河智能
551,002098,浔兴股份
552,002099,海翔药业
553,002100,天康生物
554,002101,广东鸿图
555,002102,*ST冠福
556,002103,广博股份
557,002104,恒宝股份
558,002105,信隆实业
559,002106,莱宝高科
560,002107,沃华医药
561,002108,沧州明珠
562,002109,兴化股份
563,002110,三钢闽光
564,002111,威海广泰
565,002112,三变科技
566,002113,*ST天润
567,002114,*ST锌电
568,002115,三维通信
569,002116,中国海诚
570,002117,东港股份
571,002118,紫鑫药业
572,002119,康强电子
573,002120,新海股份
574,002121,科陆电子
575,002122,天马股份
576,002123,荣信股份
577,002124,天邦股份
578,002125,湘潭电化
579,002126,银轮股份
580,002127,新民科技
581,002128,露天煤业
582,002129,中环股份
583,002130,沃尔核材
584,002131,利欧股份
585,002132,恒星科技
586,002133,广宇集团
587,002134,天津普林
588,002135,东南网架
589,002136,安 纳 达
590,002137,实 益 达
591,002138,顺络电子
592,002139,拓邦股份
593,002140,东华科技
594,002141,蓉胜超微
595,002142,宁波银行
596,002143,高金食品
597,002144,宏达高科
598,002145,*ST钛白
599,002146,荣盛发展
600,002147,方圆支承
601,002148,北纬通信
602,002149,西部材料
603,002150,江苏通润
604,002151,北斗星通
605,002152,广电运通
606,002153,石基信息
607,002154,报 喜 鸟
608,002155,辰州矿业
609,002156,通富微电
610,002157,正邦科技
611,002158,汉钟精机
612,002159,三特索道
613,002160,常铝股份
614,002161,远 望 谷
615,002162,斯 米 克
616,002163,中航三鑫
617,002164,东力传动
618,002165,红 宝 丽
619,002166,莱茵生物
620,002167,东方锆业
621,002168,深圳惠程
622,002169,智光电气
623,002170,芭田股份
624,002171,精诚铜业
625,002172,澳洋科技
626,002173,山 下 湖
627,002174,梅 花 伞
628,002175,广陆数测
629,002176,江特电机
630,002177,御银股份
631,002178,延华智能
632,002179,中航光电
633,002180,万 力 达
634,002181,粤 传 媒
635,002182,云海金属
636,002183,怡 亚 通
637,002184,海得控制
638,002185,华天科技
639,002186,全 聚 德
640,002187,广百股份
641,002188,新 嘉 联
642,002189,利达光电
643,002190,成飞集成
644,002191,劲嘉股份
645,002192,路翔股份
646,002193,山东如意
647,002194,武汉凡谷
648,002195,海隆软件
649,002196,方正电机
650,002197,证通电子
651,002198,嘉应制药
652,002199,东晶电子
653,002200,*ST大地
654,002201,九鼎新材
655,002202,金风科技
656,002203,海亮股份
657,002204,大连重工
658,002205,国统股份
659,002206,海 利 得
660,002207,准油股份
661,002208,合肥城建
662,002209,达 意 隆
663,002210,飞马国际
664,002211,宏达新材
665,002212,南洋股份
666,002213,特 尔 佳
667,002214,大立科技
668,002215,诺 普 信
669,002216,三全食品
670,002217,联合化工
671,002218,拓日新能
672,002219,独 一 味
673,002220,天宝股份
674,002221,东华能源
675,002222,福晶科技
676,002223,鱼跃医疗
677,002224,三 力 士
678,002225,濮耐股份
679,002226,江南化工
680,002227,奥 特 迅
681,002228,合兴包装
682,002229,鸿博股份
683,002230,科大讯飞
684,002231,奥维通信
685,002232,启明信息
686,002233,塔牌集团
687,002234,民和股份
688,002235,安妮股份
689,002236,大华股份
690,002237,恒邦股份
691,002238,天威视讯
692,002239,金 飞 达
693,002240,威华股份
694,002241,歌尔声学
695,002242,九阳股份
696,002243,通产丽星
697,002244,滨江集团
698,002245,澳洋顺昌
699,002246,北化股份
700,002247,帝龙新材
701,002248,华东数控
702,002249,大洋电机
703,002250,联化科技
704,002251,步 步 高
705,002252,上海莱士
706,002253,川大智胜
707,002254,泰和新材
708,002255,海陆重工
709,002256,彩虹精化
710,002258,利尔化学
711,002259,升达林业
712,002260,伊 立 浦
713,002261,拓维信息
714,002262,恩华药业
715,002263,大 东 南
716,002264,新 华 都
717,002265,西仪股份
718,002266,浙富股份
719,002267,陕天然气
720,002268,卫 士 通
721,002269,美邦服饰
722,002270,法因数控
723,002271,东方雨虹
724,002272,川润股份
725,002273,水晶光电
726,002274,华昌化工
727,002275,桂林三金
728,002276,万马电缆
729,002277,友阿股份
730,002278,神开股份
731,002279,久其软件
732,002280,新世纪
733,002281,光迅科技
734,002282,博深工具
735,002283,天润曲轴
736,002284,亚太股份
737,002285,世联地产
738,002286,保龄宝
739,002287,奇正藏药
740,002288,超华科技
741,002289,宇顺电子
742,002290,禾盛新材
743,002291,星期六
744,002292,奥飞动漫
745,002293,罗莱家纺
746,002294,信立泰
747,002295,精艺股份
748,002296,辉煌科技
749,002297,博云新材
750,002298,鑫龙电器
751,002299,圣农发展
752,002300,太阳电缆
753,002301,齐心文具
754,002302,西部建设
755,002303,美盈森
756,002304,洋河股份
757,002305,南国置业
758,002306,湘鄂情
759,002307,北新路桥
760,002308,威创股份
761,002309,中利科技
762,002310,东方园林
763,002311,海大集团
764,002312,三泰电子
765,002313,日海通讯
766,002314,雅致股份
767,002315,焦点科技
768,002316,键桥通讯
769,002317,众生药业
770,002318,久立特材
771,002319,乐通股份
772,002320,海峡股份
773,002321,华英农业
774,002322,理工监测
775,002323,中联电气
776,002324,普利特
777,002325,洪涛股份
778,002326,永太科技
779,002327,富安娜
780,002328,新朋股份
781,002329,皇氏乳业
782,002330,得利斯
783,002331,皖通科技
784,002332,仙琚制药
785,002333,罗普斯金
786,002334,英威腾
787,002335,科华恒盛
788,002336,人人乐
789,002337,赛象科技
790,002338,奥普光电
791,002339,积成电子
792,002340,格林美
793,002341,新纶科技
794,002342,巨力索具
795,002343,禾欣股份
796,002344,海宁皮城
797,002345,潮宏基
798,002346,柘中建设
799,002347,泰尔重工
800,002348,高乐股份
801,002349,精华制药
802,002350,北京科锐
803,002351,漫步者
804,002352,鼎泰新材
805,002353,杰瑞股份
806,002354,科冕木业
807,002355,兴民钢圈
808,002356,浩宁达
809,002357,富临运业
810,002358,森源电气
811,002359,齐星铁塔
812,002360,同德化工
813,002361,神剑股份
814,002362,汉王科技
815,002363,隆基机械
816,002364,中恒电气
817,002365,永安药业
818,002366,丹甫股份
819,002367,康力电梯
820,002368,太极股份
821,002369,卓翼科技
822,002370,亚太药业
823,002371,七星电子
824,002372,伟星新材
825,002373,联信永益
826,002374,丽鹏股份
827,002375,亚厦股份
828,002376,新北洋
829,002377,国创高新
830,002378,章源钨业
831,002379,鲁丰股份
832,002380,科远股份
833,002381,双箭股份
834,002382,蓝帆股份
835,002383,合众思壮
836,002384,东山精密
837,002385,大北农
838,002386,天原集团
839,002387,黑牛食品
840,002388,新亚制程
841,002389,南洋科技
842,002390,信邦制药
843,002391,长青股份
844,002392,北京利尔
845,002393,力生制药
846,002394,联发股份
847,002395,双象股份
848,002396,星网锐捷
849,002397,梦洁家纺
850,002398,建研集团
851,002399,海普瑞
852,002400,省广股份
853,002401,中海科技
854,002402,和而泰
855,002403,爱仕达
856,002404,嘉欣丝绸
857,002405,四维图新
858,002406,远东传动
859,002407,多氟多
860,002408,齐翔腾达
861,002409,雅克科技
862,002410,广联达
863,002411,九九久
864,002412,汉森制药
865,002413,常发股份
866,002414,高德红外
867,002415,海康威视
868,002416,爱施德
869,002417,三元达
870,002418,康盛股份
871,002419,天虹商场
872,002420,毅昌股份
873,002421,达实智能
874,002422,科伦药业
875,002423,中原特钢
876,002424,贵州百灵
877,002425,凯撒股份
878,002426,胜利精密
879,002427,尤夫股份
880,002428,云南锗业
881,002429,兆驰股份
882,002430,杭氧股份
883,002431,棕榈园林
884,002432,九安医疗
885,002433,太安堂
886,002434,万里扬
887,002435,长江润发
888,002436,兴森科技
889,002437,誉衡药业
890,002438,江苏神通
891,002439,启明星辰
892,002440,闰土股份
893,002441,众业达
894,002442,龙星化工
895,002443,金洲管道
896,002444,巨星科技
897,002445,中南重工
898,002446,盛路通信
899,002447,壹桥苗业
900,002448,中原内配
901,002449,国星光电
902,002450,康得新
903,002451,摩恩电气
904,002452,长高集团
905,002453,天马精化
906,002454,松芝股份
907,002455,百川股份
908,002456,欧菲光
909,002457,青龙管业
910,002458,益生股份
911,002459,天业通联
912,002460,赣锋锂业
913,002461,珠江啤酒
914,002462,嘉事堂
915,002463,沪电股份
916,002464,金利科技
917,002465,海格通信
918,002466,天齐锂业
919,002467,二六三
920,002468,艾迪西
921,002469,三维工程
922,002470,金正大
923,002471,中超电缆
924,002472,双环传动
925,002473,圣莱达
926,002474,榕基软件
927,002475,立讯精密
928,002476,宝莫股份
929,002477,雏鹰农牧
930,002478,常宝股份
931,002479,富春环保
932,002480,新筑股份
933,002481,双塔食品
934,002482,广田股份
935,002483,润邦股份
936,002484,江海股份
937,002485,希努尔
938,002486,嘉麟杰
939,002487,大金重工
940,002488,金固股份
941,002489,浙江永强
942,002490,山东墨龙
943,002491,通鼎光电
944,002492,恒基达鑫
945,002493,荣盛石化
946,002494,华斯股份
947,002495,佳隆股份
948,002496,辉丰股份
949,002497,雅化集团
950,002498,汉缆股份
951,002499,科林环保
952,002500,山西证券
953,002501,利源铝业
954,002502,骅威股份
955,002503,搜于特
956,002504,东光微电
957,002505,大康牧业
958,002506,超日太阳
959,002507,涪陵榨菜
960,002508,老板电器
961,002509,天广消防
962,002510,天汽模
963,002511,中顺洁柔
964,002512,达华智能
965,002513,蓝丰生化
966,002514,宝馨科技
967,002515,金字火腿
968,002516,江苏旷达
969,002517,泰亚股份
970,002518,科士达
971,002519,银河电子
972,002520,日发数码
973,002521,齐峰股份
974,002522,浙江众成
975,002523,天桥起重
976,002524,光正钢构
977,002526,山东矿机
978,002527,新时达
979,002528,英飞拓
980,002529,海源机械
981,002530,丰东股份
982,002531,天顺风能
983,002532,新界泵业
984,002533,金杯电工
985,002534,杭锅股份
986,002535,林州重机
987,002536,西泵股份
988,002537,海立美达
989,002538,司尔特
990,002539,新都化工
991,002540,亚太科技
992,002541,鸿路钢构
993,002542,中化岩土
994,002543,万和电气
995,002544,杰赛科技
996,002545,东方铁塔
997,002546,新联电子
998,002547,春兴精工
999,002548,金新农
1000,002549,凯美特气
1001,002550,千红制药
1002,002551,尚荣医疗
1003,002552,宝鼎重工
1004,002553,南方轴承
1005,002554,惠博普
1006,002555,顺荣股份
1007,002556,辉隆股份
1008,002557,洽洽食品
1009,002558,世纪游轮
1010,002559,亚威股份
1011,002560,通达股份
1012,002561,徐家汇
1013,002562,兄弟科技
1014,002563,森马服饰
1015,002564,张化机
1016,002565,上海绿新
1017,002566,益盛药业
1018,002567,唐人神
1019,002568,百润股份
1020,002569,步森股份
1021,002570,贝因美
1022,002571,德力股份
1023,002572,索菲亚
1024,002573,国电清新
1025,002574,明牌珠宝
1026,002575,群兴玩具
1027,002576,通达动力
1028,002577,雷柏科技
1029,002578,闽发铝业
1030,002579,中京电子
1031,002580,圣阳股份
1032,002581,万昌科技
1033,002582,好想你
1034,002583,海能达
1035,002584,西陇化工
1036,002585,双星新材
1037,002586,围海股份
1038,002587,奥拓电子
1039,002588,史丹利
1040,002589,瑞康医药
1041,002590,万安科技
1042,002591,恒大高新
1043,002592,八菱科技
1044,002593,日上集团
1045,002594,比亚迪
1046,002595,豪迈科技
1047,002596,海南瑞泽
1048,002597,金禾实业
1049,002598,山东章鼓
1050,002599,盛通股份
1051,002600,江粉磁材
1052,002601,佰利联
1053,002602,世纪华通
1054,002603,以岭药业
1055,002604,龙力生物
1056,002605,姚记扑克
1057,002606,大连电瓷
1058,002607,亚夏汽车
1059,002608,舜天船舶
1060,002609,捷顺科技
1061,002610,爱康科技
1062,002611,东方精工
1063,002612,朗姿股份
1064,002613,北玻股份
1065,002614,蒙发利
1066,002615,哈尔斯
1067,002616,长青集团
1068,002617,露笑科技
1069,002618,丹邦科技
1070,002619,巨龙管业
1071,002620,瑞和股份
1072,002621,大连三垒
1073,002622,永大集团
1074,002623,亚玛顿
1075,002624,金磊股份
1076,002625,龙生股份
1077,002626,金达威
1078,002627,宜昌交运
1079,002628,成都路桥
1080,002629,仁智油服
1081,002630,华西能源
1082,002631,德尔家居
1083,002632,道明光学
1084,002633,申科股份
1085,002634,棒杰股份
1086,002635,安洁科技
1087,002636,金安国纪
1088,002637,赞宇科技
1089,002638,勤上光电
1090,002639,雪人股份
1091,002640,百圆裤业
1092,002641,永高股份
1093,002642,荣之联
1094,002643,烟台万润
1095,002644,佛慈制药
1096,002645,华宏科技
1097,002646,青青稞酒
1098,002647,宏磊股份
1099,002648,卫星石化
1100,002649,博彦科技
1101,002650,加加食品
1102,002651,利君股份
1103,002652,扬子新材
1104,002653,海思科
1105,002654,万润科技
1106,002655,共达电声
1107,002656,卡奴迪路
1108,002657,中科金财
1109,002658,雪迪龙
1110,002659,中泰桥梁
1111,002660,茂硕电源
1112,002661,克明面业
1113,002662,京威股份
1114,002663,普邦园林
1115,002664,信质电机
1116,002665,首航节能
1117,002666,德联集团
1118,002667,鞍重股份
1119,002668,奥马电器
1120,002669,康达新材
1121,002670,华声股份
1122,002671,龙泉股份
1123,002672,东江环保
1124,002673,西部证券
1125,002674,兴业科技
1126,300001,特锐德
1127,300002,神州泰岳
1128,300003,乐普医疗
1129,300004,南风股份
1130,300005,探路者
1131,300006,莱美药业
1132,300007,汉威电子
1133,300008,上海佳豪
1134,300009,安科生物
1135,300010,立思辰
1136,300011,鼎汉技术
1137,300012,华测检测
1138,300013,新宁物流
1139,300014,亿纬锂能
1140,300015,爱尔眼科
1141,300016,北陆药业
1142,300017,网宿科技
1143,300018,中元华电
1144,300019,硅宝科技
1145,300020,银江股份
1146,300021,大禹节水
1147,300022,吉峰农机
1148,300023,宝德股份
1149,300024,机器人
1150,300025,华星创业
1151,300026,红日药业
1152,300027,华谊兄弟
1153,300028,金亚科技
1154,300029,天龙光电
1155,300030,阳普医疗
1156,300031,宝通带业
1157,300032,金龙机电
1158,300033,同花顺
1159,300034,钢研高纳
1160,300035,中科电气
1161,300036,超图软件
1162,300037,新宙邦
1163,300038,梅泰诺
1164,300039,上海凯宝
1165,300040,九洲电气
1166,300041,回天胶业
1167,300042,朗科科技
1168,300043,星辉车模
1169,300044,赛为智能
1170,300045,华力创通
1171,300046,台基股份
1172,300047,天源迪科
1173,300048,合康变频
1174,300049,福瑞股份
1175,300050,世纪鼎利
1176,300051,三五互联
1177,300052,中青宝
1178,300053,欧比特
1179,300054,鼎龙股份
1180,300055,万邦达
1181,300056,三维丝
1182,300057,万顺股份
1183,300058,蓝色光标
1184,300059,东方财富
1185,300061,康耐特
1186,300062,中能电气
1187,300063,天龙集团
1188,300064,豫金刚石
1189,300065,海兰信
1190,300066,三川股份
1191,300067,安诺其
1192,300068,南都电源
1193,300069,金利华电
1194,300070,碧水源
1195,300071,华谊嘉信
1196,300072,三聚环保
1197,300073,当升科技
1198,300074,华平股份
1199,300075,数字政通
1200,300076,宁波GQY
1201,300077,国民技术
1202,300078,中瑞思创
1203,300079,数码视讯
1204,300080,新大新材
1205,300081,恒信移动
1206,300082,奥克股份
1207,300083,劲胜股份
1208,300084,海默科技
1209,300085,银之杰
1210,300086,康芝药业
1211,300087,荃银高科
1212,300088,长信科技
1213,300089,长城集团
1214,300090,盛运股份
1215,300091,金通灵
1216,300092,科新机电
1217,300093,金刚玻璃
1218,300094,国联水产
1219,300095,华伍股份
1220,300096,易联众
1221,300097,智云股份
1222,300098,高新兴
1223,300099,尤洛卡
1224,300100,双林股份
1225,300101,国腾电子
1226,300102,乾照光电
1227,300103,达刚路机
1228,300104,乐视网
1229,300105,龙源技术
1230,300106,西部牧业
1231,300107,建新股份
1232,300108,双龙股份
1233,300109,新开源
1234,300110,华仁药业
1235,300111,向日葵
1236,300112,万讯自控
1237,300113,顺网科技
1238,300114,中航电测
1239,300115,长盈精密
1240,300116,坚瑞消防
1241,300117,嘉寓股份
1242,300118,东方日升
1243,300119,瑞普生物
1244,300120,经纬电材
1245,300121,阳谷华泰
1246,300122,智飞生物
1247,300123,太阳鸟
1248,300124,汇川技术
1249,300125,易世达
1250,300126,锐奇股份
1251,300127,银河磁体
1252,300128,锦富新材
1253,300129,泰胜风能
1254,300130,新国都
1255,300131,英唐智控
1256,300132,青松股份
1257,300133,华策影视
1258,300134,大富科技
1259,300135,宝利沥青
1260,300136,信维通信
1261,300137,先河环保
1262,300138,晨光生物
1263,300139,福星晓程
1264,300140,启源装备
1265,300141,和顺电气
1266,300142,沃森生物
1267,300143,星河生物
1268,300144,宋城股份
1269,300145,南方泵业
1270,300146,汤臣倍健
1271,300147,香雪制药
1272,300148,天舟文化
1273,300149,量子高科
1274,300150,世纪瑞尔
1275,300151,昌红科技
1276,300152,燃控科技
1277,300153,科泰电源
1278,300154,瑞凌股份
1279,300155,安居宝
1280,300156,天立环保
1281,300157,恒泰艾普
1282,300158,振东制药
1283,300159,新研股份
1284,300160,秀强股份
1285,300161,华中数控
1286,300162,雷曼光电
1287,300163,先锋新材
1288,300164,通源石油
1289,300165,天瑞仪器
1290,300166,东方国信
1291,300167,迪威视讯
1292,300168,万达信息
1293,300169,天晟新材
1294,300170,汉得信息
1295,300171,东富龙
1296,300172,中电环保
1297,300173,松德股份
1298,300174,元力股份
1299,300175,朗源股份
1300,300176,鸿特精密
1301,300177,中海达
1302,300178,腾邦国际
1303,300179,四方达
1304,300180,华峰超纤
1305,300181,佐力药业
1306,300182,捷成股份
1307,300183,东软载波
1308,300184,力源信息
1309,300185,通裕重工
1310,300186,大华农
1311,300187,永清环保
1312,300188,美亚柏科
1313,300189,神农大丰
1314,300190,维尔利
1315,300191,潜能恒信
1316,300192,科斯伍德
1317,300193,佳士科技
1318,300194,福安药业
1319,300195,长荣股份
1320,300196,长海股份
1321,300197,铁汉生态
1322,300198,纳川股份
1323,300199,翰宇药业
1324,300200,高盟新材
1325,300201,海伦哲
1326,300202,聚龙股份
1327,300203,聚光科技
1328,300204,舒泰神
1329,300205,天喻信息
1330,300206,理邦仪器
1331,300207,欣旺达
1332,300208,恒顺电气
1333,300209,天泽信息
1334,300210,森远股份
1335,300211,亿通科技
1336,300212,易华录
1337,300213,佳讯飞鸿
1338,300214,日科化学
1339,300215,电科院
1340,300216,千山药机
1341,300217,东方电热
1342,300218,安利股份
1343,300219,鸿利光电
1344,300220,金运激光
1345,300221,银禧科技
1346,300222,科大智能
1347,300223,北京君正
1348,300224,正海磁材
1349,300225,金力泰
1350,300226,上海钢联
1351,300227,光韵达
1352,300228,富瑞特装
1353,300229,拓尔思
1354,300230,永利带业
1355,300231,银信科技
1356,300232,洲明科技
1357,300233,金城医药
1358,300234,开尔新材
1359,300235,方直科技
1360,300236,上海新阳
1361,300237,美晨科技
1362,300238,冠昊生物
1363,300239,东宝生物
1364,300240,飞力达
1365,300241,瑞丰光电
1366,300242,明家科技
1367,300243,瑞丰高材
1368,300244,迪安诊断
1369,300245,天玑科技
1370,300246,宝莱特
1371,300247,桑乐金
1372,300248,新开普
1373,300249,依米康
1374,300250,初灵信息
1375,300251,光线传媒
1376,300252,金信诺
1377,300253,卫宁软件
1378,300254,仟源制药
1379,300255,常山药业
1380,300256,星星科技
1381,300257,开山股份
1382,300258,精锻科技
1383,300259,新天科技
1384,300260,新莱应材
1385,300261,雅本化学
1386,300262,巴安水务
1387,300263,隆华传热
1388,300264,佳创视讯
1389,300265,通光线缆
1390,300266,兴源过滤
1391,300267,尔康制药
1392,300268,万福生科
1393,300269,联建光电
1394,300270,中威电子
1395,300271,紫光华宇
1396,300272,开能环保
1397,300273,和佳股份
1398,300274,阳光电源
1399,300275,梅安森
1400,300276,三丰智能
1401,300277,海联讯
1402,300278,华昌达
1403,300279,和晶科技
1404,300280,南通锻压
1405,300281,金明精机
1406,300282,汇冠股份
1407,300283,温州宏丰
1408,300284,苏交科
1409,300285,国瓷材料
1410,300286,安科瑞
1411,300287,飞利信
1412,300288,朗玛信息
1413,300289,利德曼
1414,300290,荣科科技
1415,300291,华录百纳
1416,300292,吴通通讯
1417,300293,蓝英装备
1418,300294,博雅生物
1419,300295,三六五网
1420,300296,利亚德
1421,300297,蓝盾股份
1422,300298,三诺生物
1423,300299,富春通信
1424,300300,汉鼎股份
1425,300301,长方照明
1426,300302,同有科技
1427,300303,聚飞光电
1428,300304,云意电气
1429,300305,裕兴股份
1430,300306,远方光电
1431,300307,慈星股份
1432,300308,中际装备
1433,300309,吉艾科技
1434,300310,宜通世纪
1435,300311,任子行
1436,300312,邦讯技术
1437,300313,天山生物
1438,300314,戴维医疗
1439,300315,N掌趣
1440,300316,N晶盛
1441,300317,N珈伟
上证A股
序号,代码,名称
1,600000,浦发银行
2,600004,白云机场
3,600005,武钢股份
4,600006,东风汽车
5,600007,中国国贸
6,600008,首创股份
7,600009,上海机场
8,600010,包钢股份
9,600011,华能国际
10,600012,皖通高速
11,600015,华夏银行
12,600016,民生银行
13,600017,日照港
14,600018,上港集团
15,600019,宝钢股份
16,600020,中原高速
17,600021,上海电力
18,600022,山东钢铁
19,600026,中海发展
20,600027,华电国际
21,600028,中国石化
22,600029,南方航空
23,600030,中信证券
24,600031,三一重工
25,600033,福建高速
26,600035,楚天高速
27,600036,招商银行
28,600037,歌华有线
29,600038,哈飞股份
30,600039,四川路桥
31,600048,保利地产
32,600050,中国联通
33,600051,宁波联合
34,600052,浙江广厦
35,600053,中江地产
36,600054,黄山旅游
37,600055,华润万东
38,600056,中国医药
39,600057,象屿股份
40,600058,五矿发展
41,600059,古越龙山
42,600060,海信电器
43,600061,中纺投资
44,600062,华润双鹤
45,600063,皖维高新
46,600064,南京高科
47,600066,宇通客车
48,600067,冠城大通
49,600068,葛洲坝
50,600069,银鸽投资
51,600070,浙江富润
52,600071,凤凰光学
53,600072,中船股份
54,600073,上海梅林
55,600074,*ST中达
56,600075,新疆天业
57,600076,*ST华光
58,600077,宋都股份
59,600078,澄星股份
60,600079,人福医药
61,600080,ST金花
62,600081,东风科技
63,600082,海泰发展
64,600083,ST博信
65,600084,ST中葡
66,600085,同仁堂
67,600086,东方金钰
68,600087,*ST长油
69,600088,中视传媒
70,600089,特变电工
71,600090,啤酒花
72,600091,ST明科
73,600093,禾嘉股份
74,600094,大名城
75,600095,哈高科
76,600096,云天化
77,600097,开创国际
78,600098,广州控股
79,600099,林海股份
80,600100,同方股份
81,600101,明星电力
82,600103,青山纸业
83,600104,上汽集团
84,600105,永鼎股份
85,600106,重庆路桥
86,600107,美尔雅
87,600108,亚盛集团
88,600109,国金证券
89,600110,中科英华
90,600111,包钢稀土
91,600112,长征电气
92,600113,浙江东日
93,600114,东睦股份
94,600115,东方航空
95,600116,三峡水利
96,600117,西宁特钢
97,600118,中国卫星
98,600119,长江投资
99,600120,浙江东方
100,600121,郑州煤电
101,600122,宏图高科
102,600123,兰花科创
103,600125,铁龙物流
104,600126,杭钢股份
105,600127,金健米业
106,600128,弘业股份
107,600129,太极集团
108,600130,ST波导
109,600131,岷江水电
110,600132,重庆啤酒
111,600133,东湖高新
112,600135,乐凯胶片
113,600136,道博股份
114,600137,浪莎股份
115,600138,中青旅
116,600139,西部资源
117,600141,兴发集团
118,600143,金发科技
119,600145,ST国创
120,600146,大元股份
121,600148,长春一东
122,600149,ST廊发展
123,600150,中国船舶
124,600151,航天机电
125,600152,维科精华
126,600153,建发股份
127,600155,*ST宝硕
128,600156,华升股份
129,600157,永泰能源
130,600158,中体产业
131,600159,大龙地产
132,600160,巨化股份
133,600161,天坛生物
134,600162,香江控股
135,600163,福建南纸
136,600165,新日恒力
137,600166,福田汽车
138,600167,联美控股
139,600168,武汉控股
140,600169,太原重工
141,600170,上海建工
142,600171,上海贝岭
143,600172,黄河旋风
144,600173,卧龙地产
145,600175,美都控股
146,600176,中国玻纤
147,600177,雅戈尔
148,600178,东安动力
149,600179,ST黑化
150,600180,ST九发
151,600182,S佳通
152,600183,生益科技
153,600184,光电股份
154,600185,格力地产
155,600186,莲花味精
156,600187,国中水务
157,600188,兖州煤业
158,600189,吉林森工
159,600190,锦州港
160,600191,华资实业
161,600192,长城电工
162,600193,创兴资源
163,600195,中牧股份
164,600196,复星医药
165,600197,伊力特
166,600198,大唐电信
167,600199,金种子酒
168,600200,江苏吴中
169,600201,金宇集团
170,600202,哈空调
171,600203,ST福日
172,600206,有研硅股
173,600207,ST安彩
174,600208,新湖中宝
175,600209,ST罗顿
176,600210,紫江企业
177,600211,西藏药业
178,600212,江泉实业
179,600213,亚星客车
180,600215,长春经开
181,600216,浙江医药
182,600217,ST秦岭
183,600218,全柴动力
184,600219,南山铝业
185,600220,江苏阳光
186,600221,海南航空
187,600222,太龙药业
188,600223,鲁商置业
189,600225,天津松江
190,600226,升华拜克
191,600227,赤天化
192,600228,*ST昌九
193,600229,青岛碱业
194,600230,沧州大化
195,600231,凌钢股份
196,600232,金鹰股份
197,600233,大杨创世
198,600234,ST天龙
199,600235,民丰特纸
200,600236,桂冠电力
201,600237,铜峰电子
202,600238,海南椰岛
203,600239,云南城投
204,600240,华业地产
205,600241,时代万恒
206,600242,中昌海运
207,600243,青海华鼎
208,600246,万通地产
209,600247,成城股份
210,600248,延长化建
211,600249,两面针
212,600250,*ST南纺
213,600251,冠农股份
214,600252,中恒集团
215,600253,天方药业
216,600255,鑫科材料
217,600256,广汇股份
218,600257,大湖股份
219,600258,首旅股份
220,600259,广晟有色
221,600260,凯乐科技
222,600261,阳光照明
223,600262,北方股份
224,600265,景谷林业
225,600266,北京城建
226,600267,海正药业
227,600268,国电南自
228,600269,赣粤高速
229,600270,外运发展
230,600271,航天信息
231,600272,开开实业
232,600273,华芳纺织
233,600275,ST昌鱼
234,600276,恒瑞医药
235,600277,亿利能源
236,600278,东方创业
237,600279,重庆港九
238,600280,南京中商
239,600281,*ST太化
240,600282,南钢股份
241,600283,钱江水利
242,600284,浦东建设
243,600285,羚锐制药
244,600287,江苏舜天
245,600288,大恒科技
246,600289,亿阳信通
247,600290,华仪电气
248,600291,西水股份
249,600292,九龙电力
250,600293,三峡新材
251,600295,鄂尔多斯
252,600297,美罗药业
253,600298,安琪酵母
254,600299,ST新材
255,600300,维维股份
256,600301,ST南化
257,600302,标准股份
258,600303,曙光股份
259,600305,恒顺醋业
260,600306,商业城
261,600307,酒钢宏兴
262,600308,华泰股份
263,600309,烟台万华
264,600310,桂东电力
265,600311,荣华实业
266,600312,平高电气
267,600313,ST中农
268,600315,上海家化
269,600316,洪都航空
270,600317,营口港
271,600318,巢东股份
272,600319,亚星化学
273,600320,振华重工
274,600321,国栋建设
275,600322,天房发展
276,600323,南海发展
277,600325,华发股份
278,600326,西藏天路
279,600327,大东方
280,600328,兰太实业
281,600329,中新药业
282,600330,天通股份
283,600331,宏达股份
284,600332,广州药业
285,600333,长春燃气
286,600335,国机汽车
287,600336,澳柯玛
288,600337,美克股份
289,600338,*ST珠峰
290,600339,天利高新
291,600340,华夏幸福
292,600343,航天动力
293,600345,长江通信
294,600346,大橡塑
295,600348,阳泉煤业
296,600350,山东高速
297,600351,亚宝药业
298,600352,浙江龙盛
299,600353,旭光股份
300,600354,敦煌种业
301,600355,ST精伦
302,600356,恒丰纸业
303,600358,国旅联合
304,600359,*ST新农
305,600360,华微电子
306,600361,华联综超
307,600362,江西铜业
308,600363,联创光电
309,600365,*ST通葡
310,600366,宁波韵升
311,600367,红星发展
312,600368,五洲交通
313,600369,西南证券
314,600370,三房巷
315,600371,万向德农
316,600372,中航电子
317,600373,XD中文传
318,600375,华菱星马
319,600376,首开股份
320,600377,宁沪高速
321,600378,天科股份
322,600379,宝光股份
323,600380,健康元
324,600381,贤成矿业
325,600382,广东明珠
326,600383,金地集团
327,600385,*ST金泰
328,600386,北巴传媒
329,600387,海越股份
330,600388,龙净环保
331,600389,江山股份
332,600390,金瑞科技
333,600391,成发科技
334,600392,*ST天成
335,600393,东华实业
336,600395,盘江股份
337,600396,金山股份
338,600397,安源股份
339,600398,凯诺科技
340,600399,抚顺特钢
341,600400,红豆股份
342,600401,海润光伏
343,600403,大有能源
344,600405,动力源
345,600406,国电南瑞
346,600408,安泰集团
347,600409,三友化工
348,600410,华胜天成
349,600415,小商品城
350,600416,湘电股份
351,600418,江淮汽车
352,600419,ST天宏
353,600420,现代制药
354,600421,*ST国药
355,600422,昆明制药
356,600423,柳化股份
357,600425,青松建化
358,600426,华鲁恒升
359,600428,中远航运
360,600429,三元股份
361,600432,吉恩镍业
362,600433,冠豪高新
363,600435,北方导航
364,600436,片仔癀
365,600438,通威股份
366,600439,瑞贝卡
367,600444,ST国通
368,600446,金证股份
369,600448,华纺股份
370,600449,宁夏建材
371,600452,涪陵电力
372,600456,宝钛股份
373,600458,时代新材
374,600459,贵研铂业
375,600460,士兰微
376,600461,洪城水业
377,600462,*ST石岘
378,600463,空港股份
379,600466,迪康药业
380,600467,好当家
381,600468,百利电气
382,600469,风神股份
383,600470,六国化工
384,600475,华光股份
385,600476,湘邮科技
386,600477,杭萧钢构
387,600478,科力远
388,600479,千金药业
389,600480,凌云股份
390,600481,双良节能
391,600482,风帆股份
392,600483,福建南纺
393,600485,中创信测
394,600486,扬农化工
395,600487,亨通光电
396,600488,XD天药股
397,600489,中金黄金
398,600490,ST合臣
399,600491,龙元建设
400,600493,凤竹纺织
401,600495,晋西车轴
402,600496,精工钢构
403,600497,驰宏锌锗
404,600498,烽火通信
405,600499,科达机电
406,600500,中化国际
407,600501,航天晨光
408,600502,安徽水利
409,600503,华丽家族
410,600505,西昌电力
411,600506,ST香梨
412,600507,方大特钢
413,600508,上海能源
414,600509,天富热电
415,600510,黑牡丹
416,600511,国药股份
417,600512,腾达建设
418,600513,联环药业
419,600515,ST海建
420,600516,方大炭素
421,600517,置信电气
422,600518,康美药业
423,600519,贵州茅台
424,600520,中发科技
425,600521,华海药业
426,600522,中天科技
427,600523,贵航股份
428,600525,长园集团
429,600526,菲达环保
430,600527,江南高纤
431,600528,中铁二局
432,600529,山东药玻
433,600530,交大昂立
434,600531,豫光金铅
435,600532,*ST华科
436,600533,栖霞建设
437,600535,天士力
438,600536,中国软件
439,600537,亿晶光电
440,600538,ST国发
441,600539,ST狮头
442,600540,新赛股份
443,600543,莫高股份
444,600545,新疆城建
445,600546,山煤国际
446,600547,山东黄金
447,600548,深高速
448,600549,厦门钨业
449,600550,天威保变
450,600551,时代出版
451,600552,方兴科技
452,600555,九龙山
453,600557,康缘药业
454,600558,大西洋
455,600559,老白干酒
456,600560,金自天正
457,600561,江西长运
458,600562,ST高陶
459,600563,法拉电子
460,600565,迪马股份
461,600566,洪城股份
462,600567,山鹰纸业
463,600568,中珠控股
464,600569,安阳钢铁
465,600570,恒生电子
466,600571,信雅达
467,600572,康恩贝
468,600573,惠泉啤酒
469,600575,芜湖港
470,600576,万好万家
471,600577,精达股份
472,600578,京能热电
473,600579,*ST黄海
474,600580,卧龙电气
475,600581,八一钢铁
476,600582,天地科技
477,600583,海油工程
478,600584,长电科技
479,600585,海螺水泥
480,600586,金晶科技
481,600587,新华医疗
482,600588,用友软件
483,600589,广东榕泰
484,600590,泰豪科技
485,600592,龙溪股份
486,600593,大连圣亚
487,600594,益佰制药
488,600595,中孚实业
489,600596,新安股份
490,600597,光明乳业
491,600598,北大荒
492,600599,熊猫烟花
493,600600,青岛啤酒
494,600601,方正科技
495,600602,广电电子
496,600603,*ST兴业
497,600604,*ST二纺
498,600605,汇通能源
499,600606,金丰投资
500,600608,ST沪科
501,600609,ST金杯
502,600610,SST中纺
503,600611,大众交通
504,600612,老凤祥
505,600613,永生投资
506,600614,鼎立股份
507,600615,丰华股份
508,600616,金枫酒业
509,600617,ST联华
510,600618,氯碱化工
511,600619,海立股份
512,600620,天宸股份
513,600621,上海金陵
514,600622,嘉宝集团
515,600623,双钱股份
516,600624,复旦复华
517,600626,申达股份
518,600628,新世界
519,600629,棱光实业
520,600630,龙头股份
521,600633,浙报传媒
522,600635,大众公用
523,600636,三爱富
524,600637,百视通
525,600638,新黄浦
526,600639,浦东金桥
527,600640,中卫国脉
528,600641,万业企业
529,600642,申能股份
530,600643,爱建股份
531,600644,乐山电力
532,600645,中源协和
533,600647,同达创业
534,600648,外高桥
535,600649,城投控股
536,600650,锦江投资
537,600651,飞乐音响
538,600652,爱使股份
539,600653,申华控股
540,600654,飞乐股份
541,600655,豫园商城
542,600656,ST博元
543,600657,信达地产
544,600658,电子城
545,600660,福耀玻璃
546,600661,新南洋
547,600662,强生控股
548,600663,陆家嘴
549,600664,哈药股份
550,600665,天地源
551,600666,西南药业
552,600667,太极实业
553,600668,尖峰集团
554,600671,*ST天目
555,600673,东阳光铝
556,600674,川投能源
557,600675,中华企业
558,600676,交运股份
559,600677,航天通信
560,600678,*ST金顶
561,600679,金山开发
562,600680,上海普天
563,600681,ST万鸿
564,600682,南京新百
565,600683,京投银泰
566,600684,珠江实业
567,600685,广船国际
568,600686,金龙汽车
569,600687,刚泰控股
570,600688,S上石化
571,600689,上海三毛
572,600690,青岛海尔
573,600691,*ST东碳
574,600692,亚通股份
575,600693,东百集团
576,600694,大商股份
577,600695,大江股份
578,600696,多伦股份
579,600697,欧亚集团
580,600698,*ST轻骑
581,600699,均胜电子
582,600701,工大高新
583,600702,沱牌舍得
584,600703,三安光电
585,600704,物产中大
586,600706,ST长信
587,600707,彩虹股份
588,600708,海博股份
589,600710,常林股份
590,600711,盛屯矿业
591,600712,南宁百货
592,600713,南京医药
593,600714,金瑞矿业
594,600715,*ST松辽
595,600716,凤凰股份
596,600717,天津港
597,600718,东软集团
598,600719,大连热电
599,600720,祁连山
600,600721,百花村
601,600722,ST金化
602,600723,首商股份
603,600724,宁波富达
604,600725,云维股份
605,600726,华电能源
606,600727,ST鲁北
607,600728,佳都新太
608,600729,重庆百货
609,600730,中国高科
610,600731,湖南海利
611,600732,上海新梅
612,600733,S*ST前锋
613,600734,实达集团
614,600735,新华锦
615,600736,苏州高新
616,600737,中粮屯河
617,600738,兰州民百
618,600739,辽宁成大
619,600740,山西焦化
620,600741,华域汽车
621,600742,一汽富维
622,600743,华远地产
623,600744,华银电力
624,600745,中茵股份
625,600746,江苏索普
626,600747,大连控股
627,600748,上实发展
628,600749,西藏旅游
629,600750,江中药业
630,600751,SST天海
631,600753,东方银星
632,600754,锦江股份
633,600755,厦门国贸
634,600756,浪潮软件
635,600757,长江传媒
636,600758,红阳能源
637,600759,正和股份
638,600760,中航黑豹
639,600761,安徽合力
640,600763,通策医疗
641,600764,中电广通
642,600765,中航重机
643,600766,*ST园城
644,600767,运盛实业
645,600768,宁波富邦
646,600769,ST祥龙
647,600770,综艺股份
648,600771,ST东盛
649,600773,西藏城投
650,600774,汉商集团
651,600775,南京熊猫
652,600776,东方通信
653,600777,新潮实业
654,600778,友好集团
655,600779,水井坊
656,600780,通宝能源
657,600781,上海辅仁
658,600782,新钢股份
659,600783,鲁信创投
660,600784,鲁银投资
661,600785,新华百货
662,600787,中储股份
663,600789,鲁抗医药
664,600790,轻纺城
665,600791,京能置业
666,600792,云煤能源
667,600793,ST宜纸
668,600794,保税科技
669,600795,国电电力
670,600796,钱江生化
671,600797,浙大网新
672,600798,宁波海运
673,600800,ST磁卡
674,600801,华新水泥
675,600802,福建水泥
676,600803,威远生化
677,600804,鹏博士
678,600805,悦达投资
679,600806,昆明机床
680,600807,天业股份
681,600808,马钢股份
682,600809,山西汾酒
683,600810,神马股份
684,600811,东方集团
685,600812,华北制药
686,600814,杭州解百
687,600815,厦工股份
688,600816,安信信托
689,600818,中路股份
690,600819,耀皮玻璃
691,600820,隧道股份
692,600821,津劝业
693,600822,上海物贸
694,600823,世茂股份
695,600824,益民集团
696,600825,新华传媒
697,600826,兰生股份
698,600827,友谊股份
699,600828,成商集团
700,600829,三精制药
701,600830,香溢融通
702,600831,广电网络
703,600832,东方明珠
704,600833,第一医药
705,600834,申通地铁
706,600835,上海机电
707,600836,界龙实业
708,600837,海通证券
709,600838,上海九百
710,600839,四川长虹
711,600841,上柴股份
712,600843,上工申贝
713,600844,丹化科技
714,600845,宝信软件
715,600846,同济科技
716,600847,ST渝万里
717,600848,自仪股份
718,600850,华东电脑
719,600851,海欣股份
720,600853,龙建股份
721,600854,ST春兰
722,600855,航天长峰
723,600856,长百集团
724,600857,工大首创
725,600858,银座股份
726,600859,王府井
727,600860,ST北人
728,600861,北京城乡
729,600862,南通科技
730,600863,内蒙华电
731,600864,哈投股份
732,600865,百大集团
733,600866,星湖科技
734,600867,通化东宝
735,600868,ST梅雁
736,600869,三普药业
737,600870,ST厦华
738,600871,S仪化
739,600872,中炬高新
740,600873,梅花集团
741,600874,创业环保
742,600875,东方电气
743,600876,洛阳玻璃
744,600877,*ST嘉陵
745,600879,航天电子
746,600880,博瑞传播
747,600881,亚泰集团
748,600882,*ST大成
749,600883,博闻科技
750,600884,杉杉股份
751,600885,ST力阳
752,600886,国投电力
753,600887,伊利股份
754,600888,新疆众和
755,600889,南京化纤
756,600890,ST中房
757,600891,秋林集团
758,600892,ST宝诚
759,600893,航空动力
760,600894,*ST广钢
761,600895,张江高科
762,600896,中海海盛
763,600897,厦门空港
764,600898,三联商社
765,600900,长江电力
766,600960,渤海活塞
767,600961,株冶集团
768,600962,国投中鲁
769,600963,岳阳林纸
770,600965,福成五丰
771,600966,博汇纸业
772,600967,北方创业
773,600969,郴电国际
774,600970,中材国际
775,600971,恒源煤电
776,600973,宝胜股份
777,600975,新五丰
778,600976,武汉健民
779,600978,宜华木业
780,600979,广安爱众
781,600980,北矿磁材
782,600981,汇鸿股份
783,600982,宁波热电
784,600983,合肥三洋
785,600984,ST建机
786,600985,雷鸣科化
787,600986,科达股份
788,600987,航民股份
789,600988,ST宝龙
790,600990,四创电子
791,600992,贵绳股份
792,600993,马应龙
793,600995,文山电力
794,600997,开滦股份
795,600998,九州通
796,600999,招商证券
797,601000,唐山港
798,601001,大同煤业
799,601002,晋亿实业
800,601003,柳钢股份
801,601005,重庆钢铁
802,601006,大秦铁路
803,601007,金陵饭店
804,601008,连云港
805,601009,南京银行
806,601010,文峰股份
807,601011,宝泰隆
808,601012,隆基股份
809,601018,宁波港
810,601028,玉龙股份
811,601058,赛轮股份
812,601088,中国神华
813,601098,中南传媒
814,601099,太平洋
815,601100,恒立油缸
816,601101,昊华能源
817,601106,中国一重
818,601107,四川成渝
819,601111,中国国航
820,601113,华鼎锦纶
821,601116,三江购物
822,601117,中国化学
823,601118,海南橡胶
824,601126,四方股份
825,601137,博威合金
826,601139,深圳燃气
827,601158,重庆水务
828,601166,兴业银行
829,601168,西部矿业
830,601169,北京银行
831,601177,杭齿前进
832,601179,中国西电
833,601186,中国铁建
834,601188,龙江交通
835,601199,江南水务
836,601208,东材科技
837,601216,内蒙君正
838,601218,吉鑫科技
839,601222,林洋电子
840,601231,环旭电子
841,601233,桐昆股份
842,601238,广汽集团
843,601258,庞大集团
844,601268,二重重装
845,601288,农业银行
846,601299,中国北车
847,601311,骆驼股份
848,601313,江南嘉捷
849,601318,中国平安
850,601328,交通银行
851,601333,广深铁路
852,601336,新华保险
853,601369,陕鼓动力
854,601377,兴业证券
855,601388,怡球资源
856,601390,中国中铁
857,601398,工商银行
858,601515,东风股份
859,601518,吉林高速
860,601519,大智慧
861,601555,东吴证券
862,601558,华锐风电
863,601566,九牧王
864,601567,三星电气
865,601588,北辰实业
866,601599,鹿港科技
867,601600,中国铝业
868,601601,中国太保
869,601607,上海医药
870,601616,广电电气
871,601618,中国中冶
872,601628,中国人寿
873,601633,长城汽车
874,601636,旗滨集团
875,601666,平煤股份
876,601668,中国建筑
877,601669,中国水电
878,601677,明泰铝业
879,601678,滨化股份
880,601688,华泰证券
881,601699,潞安环能
882,601700,风范股份
883,601717,郑煤机
884,601718,际华集团
885,601727,上海电气
886,601766,中国南车
887,601777,力帆股份
888,601788,光大证券
889,601789,宁波建工
890,601798,蓝科高新
891,601799,星宇股份
892,601800,中国交建
893,601801,皖新传媒
894,601808,中海油服
895,601818,光大银行
896,601857,中国石油
897,601866,中海集运
898,601872,招商轮船
899,601877,正泰电器
900,601880,大连港
901,601886,江河幕墙
902,601888,中国国旅
903,601890,亚星锚链
904,601898,中煤能源
905,601899,紫金矿业
906,601901,方正证券
907,601908,京运通
908,601918,国投新集
909,601919,中国远洋
910,601928,凤凰传媒
911,601929,吉视传媒
912,601933,永辉超市
913,601939,建设银行
914,601958,金钼股份
915,601988,中国银行
916,601989,中国重工
917,601991,大唐发电
918,601992,金隅股份
919,601996,丰林集团
920,601998,中信银行
921,601999,出版传媒
922,603000,人民网
923,603001,奥康国际
924,603123,翠微股份
925,603333,明星电缆
深证B股
序号,代码,名称
1,200002,万 科Ｂ
2,200011,深物业B
3,200012,南 玻Ｂ
4,200016,深康佳Ｂ
5,200017,*ST中华B
6,200018,ST中冠B
7,200019,深深宝Ｂ
8,200020,深华发Ｂ
9,200022,深赤湾Ｂ
10,200024,招商局Ｂ
11,200025,特 力Ｂ
12,200026,飞亚达Ｂ
13,200028,一致Ｂ
14,200029,深深房Ｂ
15,200030,*ST盛润B
16,200037,深南电Ｂ
17,200039,中 集Ｂ
18,200045,深纺织Ｂ
19,200053,深基地Ｂ
20,200054,建 摩Ｂ
21,200055,方大Ｂ
22,200056,*ST国商B
23,200058,深赛格B
24,200152,山 航Ｂ
25,200160,ST大路B
26,200168,ST雷伊B
27,200413,宝 石Ｂ
28,200418,小天鹅Ｂ
29,200429,粤高速Ｂ
30,200468,宁通信Ｂ
31,200488,晨 鸣Ｂ
32,200505,ST珠江B
33,200512,闽灿坤Ｂ
34,200513,丽 珠Ｂ
35,200521,皖美菱Ｂ
36,200530,大 冷Ｂ
37,200539,粤电力Ｂ
38,200541,粤照明Ｂ
39,200550,江 铃Ｂ
40,200553,沙隆达Ｂ
41,200570,苏常柴Ｂ
42,200581,苏威孚Ｂ
43,200596,古井贡Ｂ
44,200613,ST东海Ｂ
45,200625,长 安Ｂ
46,200706,瓦 轴Ｂ
47,200725,京东方Ｂ
48,200726,鲁 泰Ｂ
49,200761,本钢板Ｂ
50,200771,杭汽轮Ｂ
51,200869,张 裕Ｂ
52,200986,粤华包Ｂ
53,200992,中 鲁Ｂ
上证B股
序号,代码,名称
1,900901,上电Ｂ股
2,900902,*ST二纺B
3,900903,大众Ｂ股
4,900904,永生Ｂ股
5,900905,老凤祥Ｂ
6,900906,ST中纺Ｂ
7,900907,鼎立Ｂ股
8,900908,氯碱Ｂ股
9,900909,双钱Ｂ股
10,900910,海立Ｂ股
11,900911,金桥Ｂ股
12,900912,外高Ｂ股
13,900913,ST联华B
14,900914,锦投Ｂ股
15,900915,中路Ｂ股
16,900916,金山Ｂ股
17,900917,海欣Ｂ股
18,900918,耀皮Ｂ股
19,900919,大江Ｂ股
20,900920,上柴Ｂ股
21,900921,丹科Ｂ股
22,900922,三毛Ｂ股
23,900923,友谊Ｂ股
24,900924,上工Ｂ股
25,900925,机电Ｂ股
26,900926,宝信Ｂ股
27,900927,物贸Ｂ股
28,900928,自仪Ｂ股
29,900929,锦旅Ｂ股
30,900930,沪普天Ｂ
31,900932,陆家Ｂ股
32,900933,华新Ｂ股
33,900934,锦江Ｂ股
34,900935,阳晨Ｂ股
35,900936,鄂资Ｂ股
36,900937,华电Ｂ股
37,900938,ST天海Ｂ
38,900939,ST汇丽B
39,900940,大名城B
40,900941,东信Ｂ股
41,900942,黄山Ｂ股
42,900943,开开Ｂ股
43,900945,海航Ｂ股
44,900946,*ST轻骑B
45,900947,振华Ｂ股
46,900948,伊泰Ｂ股
47,900949,东电Ｂ股
48,900950,新城Ｂ股
49,900951,*ST大化B
50,900952,锦港Ｂ股
51,900953,凯马Ｂ
52,900955,九龙山Ｂ
53,900956,东贝Ｂ股
54,900957,凌云Ｂ股
